# Test common insert case

statement ok
create table t1(v1 varchar, v2 varchar, v3 varchar);


statement error
insert into t1(v3) values ('0','4');


statement ok
insert into t1(v3, v2) values ('0','4'), ('1','5');


statement ok
insert into t1 values ('2','7','9');


query III
select v1, v3, v2 from t1;
----
NULL 0 4
NULL 1 5
2    9 7


# Test insert value cast type

statement ok
create table t2(v1 int, v2 int, v3 int);


statement ok
insert into t2(v3, v2, v1) values (0, 4, 1), (1, 5, 2);


query III
select v3, v2, v1 from t2;
----
0 4 1
1 5 2


# Test insert type cast

statement ok
create table t3(v1 TINYINT UNSIGNED);


statement error
insert into t3(v1) values (1481);


# Test insert null values

statement ok
create table t4(v1 varchar, v2 smallint unsigned, v3 bigint unsigned);


statement ok
insert into t4 values (NULL, 1, 2), ('', 3, NULL);


statement ok
insert into t4 values (NULL, NULL, NULL);


query III
select v1, v2, v3 from t4;
----
NULL 1 2
(empty) 3 NULL
NULL NULL NULL


# Test insert from select

statement ok
CREATE TABLE integers(i INTEGER);


statement ok
INSERT INTO integers SELECT 42;

statement ok
INSERT INTO integers SELECT null;


query I
SELECT * FROM integers
----
42
NULL
